"window_sec","pkg","event_cnt","uniq_cpu","uniq_comm","uniq_tgid"
"1777046643","com.google.android.apps.scone","1","1","1","1"
"1777046643","com.topjohnwu.magisk","1","1","1","1"
"1777046644","com.android.systemui","2","2","1","1"
"1777046645","com.android.systemui","1","1","1","1"
"1777046646","com.android.systemui","1","1","1","1"
"1777046647","com.android.systemui","3","2","2","1"
"1777046647","com.google.android.apps.scone","3","2","2","1"
"1777046647","com.google.android.gms","1","1","1","1"
"1777046648","com.android.systemui","79","8","9","1"
"1777046648","com.google.android.apps.nexuslauncher","109","8","6","1"
"1777046648","com.google.android.as","10","5","1","1"
"1777046648","com.google.android.inputmethod.latin","2","2","1","1"
"1777046648","com.google.android.pixelsystemservice","3","3","2","1"
"1777046648","com.tencent.mobileqq","170","8","32","2"
"1777046648","com.tencent.mobileqq:MSF","105","6","16","1"
"1777046649","com.android.systemui","159","6","7","1"
"1777046649","com.google.android.apps.nexuslauncher","182","8","7","1"
"1777046649","com.google.android.as","2","1","1","1"
"1777046649","com.google.android.gms.persistent","1","1","1","1"
"1777046649","com.google.android.pixelsystemservice","1","1","1","1"
"1777046649","com.google.android.providers.media.module","2","1","2","1"
"1777046649","com.tencent.mobileqq","125","8","22","1"
"1777046649","com.tencent.mobileqq:MSF","86","6","8","1"
"1777046650","com.android.systemui","37","6","7","1"
"1777046650","com.google.android.apps.nexuslauncher","56","8","6","1"
"1777046650","com.google.android.apps.scone","1","1","1","1"
"1777046650","com.google.android.gms","13","5","5","1"
"1777046650","com.google.android.gms.persistent","22","4","4","1"
"1777046650","com.google.android.inputmethod.latin","1","1","1","1"
"1777046650","com.google.android.pixelsystemservice","4","2","2","1"
"1777046650","com.google.android.providers.media.module","8","5","4","1"
"1777046650","com.tencent.mobileqq","84","6","21","1"
"1777046650","com.tencent.mobileqq:MSF","63","6","5","1"
"1777046651","com.tencent.mobileqq","25","4","12","1"
"1777046651","com.tencent.mobileqq:MSF","26","4","4","1"
"1777046652","com.android.hbmsvmanager","1","1","1","1"
"1777046652","com.google.android.apps.nexuslauncher","1","1","1","1"
"1777046652","com.google.android.apps.scone","1","1","1","1"
"1777046652","com.google.android.connectivitythermalpowermanager","1","1","1","1"
"1777046652","com.tencent.mobileqq","11","4","6","1"
"1777046652","com.tencent.mobileqq:MSF","13","4","3","1"
"1777046653","com.google.android.apps.scone","1","1","1","1"
"1777046653","com.google.android.as","1","1","1","1"
"1777046653","com.tencent.mobileqq","16","4","7","1"
"1777046653","com.tencent.mobileqq:MSF","16","4","3","1"
"1777046654","com.tencent.mobileqq","12","3","4","1"
"1777046654","com.tencent.mobileqq:MSF","13","3","2","1"
"1777046655","com.tencent.mobileqq","59","4","15","1"
"1777046655","com.tencent.mobileqq:MSF","60","4","6","1"
"1777046656","com.google.android.apps.scone","1","1","1","1"
"1777046656","com.tencent.mobileqq","9","4","3","1"
"1777046656","com.tencent.mobileqq:MSF","10","3","3","1"
"1777046657","com.google.android.apps.scone","1","1","1","1"
"1777046657","com.google.android.providers.media.module","1","1","1","1"
"1777046657","com.tencent.mobileqq","21","4","6","1"
"1777046657","com.tencent.mobileqq:MSF","21","4","3","1"
"1777046658","com.tencent.mobileqq","16","4","7","1"
"1777046658","com.tencent.mobileqq:MSF","16","4","4","1"
"1777046659","com.google.android.apps.scone","1","1","1","1"
"1777046659","com.tencent.mobileqq","19","3","5","1"
"1777046659","com.tencent.mobileqq:MSF","17","3","3","1"
"1777046660","com.google.android.apps.nbu.files","2","2","2","1"
"1777046660","com.google.android.apps.photos","40","5","9","1"
"1777046660","com.google.android.gms.persistent","8","5","2","1"
"1777046660","com.google.android.GoogleCamera","3","2","1","1"
"1777046660","com.google.android.pixelsystemservice","2","2","1","1"
"1777046660","com.google.android.providers.media.module","25","4","1","1"
"1777046660","com.tencent.mobileqq","5","3","2","1"
"1777046660","com.tencent.mobileqq:MSF","9","4","2","1"
"1777046661","com.google.android.apps.photos","1","1","1","1"
"1777046661","com.google.android.providers.media.module","1","1","1","1"
"1777046662","com.google.android.apps.scone","2","2","2","1"
"1777046662","com.google.android.connectivitythermalpowermanager","1","1","1","1"
"1777046662","com.google.android.providers.media.module","8","3","1","1"
"1777046662","com.tencent.mobileqq","1","1","1","1"
"1777046663","com.google.android.apps.nbu.files","1","1","1","1"
"1777046663","com.google.android.providers.media.module","1","1","1","1"
"1777046664","com.android.systemui","11","5","5","1"
"1777046664","com.google.android.apps.nexuslauncher","10","6","4","1"
"1777046664","com.google.android.pixelsystemservice","2","2","2","1"
"1777046664","com.tencent.mobileqq","12","5","5","1"
"1777046664","com.tencent.mobileqq:MSF","2","2","1","1"
"1777046665","com.android.systemui","30","6","4","1"
"1777046665","com.google.android.apps.nexuslauncher","33","5","4","1"
"1777046665","com.google.android.apps.scone","1","1","1","1"
"1777046665","com.google.android.gms","1","1","1","1"
"1777046665","com.google.android.inputmethod.latin","6","4","1","1"
"1777046665","com.google.android.pixelsystemservice","1","1","1","1"
"1777046665","com.tencent.mobileqq","50","8","11","1"
"1777046665","com.tencent.mobileqq:MSF","29","6","7","1"
"1777046666","com.android.systemui","1","1","1","1"
"1777046666","com.google.android.apps.nexuslauncher","1","1","1","1"
"1777046666","com.tencent.mobileqq","2","2","2","1"
"1777046667","com.google.android.apps.scone","1","1","1","1"
"1777046667","com.tencent.mobileqq","1","1","1","1"
"1777046667","com.tencent.mobileqq:MSF","1","1","1","1"
"1777046668","com.google.android.apps.scone","1","1","1","1"
"1777046668","com.tencent.mobileqq","13","5","6","1"
"1777046668","com.tencent.mobileqq:MSF","10","5","3","1"
"1777046669","com.tencent.mobileqq","1","1","1","1"
"1777046670","com.tencent.mobileqq","1","1","1","1"
"1777046670","com.tencent.mobileqq:MSF","3","2","3","1"
"1777046671","com.android.systemui","21","6","1","1"
"1777046671","com.google.android.apps.scone","1","1","1","1"
"1777046671","com.tencent.mobileqq","27","6","4","1"
"1777046671","com.tencent.mobileqq:MSF","7","4","3","1"
"1777046672","com.google.android.apps.scone","1","1","1","1"
"1777046672","com.google.android.connectivitythermalpowermanager","1","1","1","1"
"1777046672","com.tencent.mobileqq","2","2","2","1"
"1777046673","com.google.android.apps.nexuslauncher","4","3","1","1"
"1777046673","com.google.android.inputmethod.latin","1","1","1","1"
"1777046673","com.tencent.mobileqq","13","6","4","1"
"1777046673","com.tencent.mobileqq:MSF","8","3","4","1"
"1777046674","com.android.systemui","2","1","1","1"
"1777046674","com.google.android.apps.nexuslauncher","2","2","1","1"
"1777046674","com.google.android.apps.scone","1","1","1","1"
"1777046674","com.tencent.mobileqq","11","7","5","1"
"1777046674","com.tencent.mobileqq:MSF","10","5","4","1"
"1777046675","com.android.systemui","22","6","5","1"
"1777046675","com.google.android.apps.nexuslauncher","4","3","2","1"
"1777046675","com.google.android.inputmethod.latin","5","2","1","1"
"1777046675","com.tencent.mobileqq","37","7","10","1"
"1777046675","com.tencent.mobileqq:MSF","16","6","5","1"
"1777046676","com.android.hbmsvmanager","1","1","1","1"
"1777046676","com.tencent.mobileqq","3","3","1","1"
"1777046677","com.android.systemui","74","6","7","1"
"1777046677","com.google.android.apps.nexuslauncher","10","6","2","1"
"1777046677","com.google.android.apps.scone","2","2","2","1"
"1777046677","com.google.android.inputmethod.latin","11","4","1","1"
"1777046677","com.tencent.mobileqq","142","8","20","1"
"1777046677","com.tencent.mobileqq:MSF","59","6","7","1"
"1777046677","com.tencent.mobileqq:tool","51","6","10","1"
"1777046678","com.android.systemui","31","6","6","1"
"1777046678","com.google.android.apps.nexuslauncher","5","3","2","1"
"1777046678","com.google.android.gms","1","1","1","1"
"1777046678","com.google.android.inputmethod.latin","3","1","1","1"
"1777046678","com.google.android.pixelsystemservice","1","1","1","1"
"1777046678","com.google.android.providers.media.module","6","2","2","1"
"1777046678","com.google.android.webview:sandboxed_process0:org.chromium.content.app.SandboxedProcessService0:0","4","4","1","1"
"1777046678","com.tencent.mobileqq","95","8","18","1"
"1777046678","com.tencent.mobileqq:MSF","36","6","6","1"
"1777046678","com.tencent.mobileqq:tool","47","4","13","1"
"1777046679","com.android.systemui","50","6","6","1"
"1777046679","com.google.android.apps.nexuslauncher","43","7","8","1"
"1777046679","com.google.android.as","6","2","1","1"
"1777046679","com.google.android.gms","21","5","5","1"
"1777046679","com.google.android.gms.persistent","15","6","3","1"
"1777046679","com.google.android.pixelsystemservice","3","3","1","1"
"1777046679","com.google.android.webview:sandboxed_process0:org.chromium.content.app.SandboxedProcessService0:0","12","5","2","1"
"1777046679","com.google.android.webview:webview_service","8","3","2","1"
"1777046679","com.tencent.mobileqq","26","8","7","1"
"1777046679","com.tencent.mobileqq:MSF","11","5","4","1"
"1777046679","com.tencent.mobileqq:tool","54","4","8","1"
"1777046680","com.android.systemui","20","4","3","1"
"1777046680","com.google.android.apps.scone","1","1","1","1"
"1777046680","com.google.android.gms","21","5","5","1"
"1777046680","com.google.android.gms.persistent","14","4","3","1"
"1777046680","com.google.android.providers.media.module","4","2","1","1"
"1777046680","com.tencent.mobileqq","45","6","8","1"
"1777046680","com.tencent.mobileqq:MSF","19","6","3","1"
"1777046680","com.tencent.mobileqq:tool","4","2","2","1"
"1777046681","com.android.systemui","1","1","1","1"
"1777046681","com.google.android.apps.nexuslauncher","1","1","1","1"
"1777046681","com.google.android.gms","1","1","1","1"
"1777046681","com.tencent.mobileqq","22","7","7","1"
"1777046681","com.tencent.mobileqq:MSF","20","5","3","1"
"1777046682","com.google.android.apps.scone","1","1","1","1"
"1777046682","com.google.android.connectivitythermalpowermanager","1","1","1","1"
"1777046682","com.tencent.mobileqq","59","6","5","1"
"1777046682","com.tencent.mobileqq:MSF","3","2","2","1"
"1777046682","com.tencent.mobileqq:tool","57","4","4","1"
"1777046683","com.android.hbmsvmanager","2","2","2","1"
"1777046683","com.android.systemui","2","1","1","1"
"1777046683","com.google.android.apps.nexuslauncher","2","1","1","1"
"1777046683","com.tencent.mobileqq","39","7","9","1"
"1777046683","com.tencent.mobileqq:MSF","7","3","4","1"
"1777046683","com.tencent.mobileqq:tool","27","3","2","1"
"1777046684","com.android.systemui","23","5","2","1"
"1777046684","com.google.android.apps.nexuslauncher","3","2","1","1"
"1777046684","com.google.android.apps.scone","1","1","1","1"
"1777046684","com.tencent.mobileqq","36","6","5","1"
"1777046684","com.tencent.mobileqq:MSF","10","6","3","1"
"1777046684","com.tencent.mobileqq:tool","1","1","1","1"
"1777046685","com.tencent.mobileqq","2","2","2","1"
"1777046686","com.google.android.rkpdapp","1","1","1","1"
"1777046686","com.tencent.mobileqq","2","1","2","2"
"1777046686","com.tencent.mobileqq:MSF","1","1","1","1"
"1777046687","com.google.android.apps.scone","2","2","2","1"
"1777046687","com.google.android.gms","2","1","1","1"
"1777046687","com.tencent.mobileqq","31","6","3","1"
"1777046687","com.tencent.mobileqq:MSF","1","1","1","1"
"1777046687","com.tencent.mobileqq:tool","25","4","1","1"
"1777046688","com.tencent.mobileqq:tool","1","1","1","1"
"1777046689","com.tencent.mobileqq","1","1","1","1"
"1777046690","com.android.systemui","21","6","1","1"
"1777046690","com.google.android.apps.scone","1","1","1","1"
"1777046690","com.tencent.mobileqq","25","4","5","1"
"1777046690","com.tencent.mobileqq:MSF","3","3","3","1"
"1777046691","com.google.android.rkpdapp","1","1","1","1"
"1777046691","com.tencent.mobileqq","4","1","2","1"
"1777046691","com.tencent.mobileqq:MSF","1","1","1","1"
"1777046692","com.google.android.apps.scone","1","1","1","1"
"1777046692","com.google.android.connectivitythermalpowermanager","1","1","1","1"
"1777046693","com.android.systemui","2","2","1","1"
"1777046693","com.google.android.apps.nexuslauncher","2","2","1","1"
"1777046693","com.google.android.apps.scone","1","1","1","1"
"1777046693","com.tencent.mobileqq","7","5","5","1"
"1777046693","com.tencent.mobileqq:MSF","5","4","4","1"
"1777046693","com.tencent.mobileqq:tool","1","1","1","1"
"1777046694","com.google.android.gms","2","2","1","1"
"1777046694","com.google.android.gms.persistent","10","3","2","1"
"1777046694","com.tencent.mobileqq","2","2","1","1"
"1777046694","com.tencent.mobileqq:tool","10","3","3","1"
"1777046695","com.google.android.gms","1","1","1","1"
"1777046695","com.tencent.mobileqq","3","2","3","1"
"1777046695","com.tencent.mobileqq:tool","1","1","1","1"
"1777046696","com.google.android.apps.scone","1","1","1","1"
"1777046696","com.tencent.mobileqq","4","3","2","1"
"1777046696","com.tencent.mobileqq:MSF","1","1","1","1"
"1777046697","com.google.android.apps.scone","1","1","1","1"
"1777046697","com.google.android.gms.persistent","2","1","1","1"
"1777046697","com.tencent.mobileqq","1","1","1","1"
"1777046697","com.tencent.mobileqq:tool","2","2","2","1"
"1777046699","com.android.systemui","21","6","1","1"
"1777046699","com.google.android.apps.scone","1","1","1","1"
"1777046699","com.tencent.mobileqq","25","7","5","1"
"1777046699","com.tencent.mobileqq:MSF","3","2","3","1"
"1777046700","com.android.systemui","2","2","1","1"
"1777046700","com.google.android.apps.wellbeing","1","1","1","1"
"1777046700","com.google.android.pixelsystemservice","1","1","1","1"
"1777046700","com.tencent.mm","26","4","8","1"
"1777046700","com.tencent.mm:push","26","5","7","1"
"1777046700","com.tencent.mobileqq","3","1","3","1"
"1777046701","com.tencent.mm:push","5","3","2","1"
"1777046701","com.tencent.mobileqq","3","3","2","1"
"1777046702","com.android.systemui","1","1","1","1"
"1777046702","com.google.android.apps.nexuslauncher","1","1","1","1"
"1777046702","com.google.android.apps.scone","2","2","2","1"
"1777046702","com.google.android.connectivitythermalpowermanager","1","1","1","1"
"1777046702","com.tencent.mobileqq","7","5","4","1"
"1777046702","com.tencent.mobileqq:MSF","5","3","4","1"
"1777046702","com.tencent.mobileqq:tool","1","1","1","1"
"1777046703","com.tencent.mobileqq","1","1","1","1"
"1777046704","com.tencent.mobileqq","1","1","1","1"
"1777046705","com.google.android.apps.scone","1","1","1","1"
"1777046705","com.tencent.mobileqq","3","3","2","1"
"1777046706","com.tencent.mobileqq","4","2","1","1"
"1777046706","com.tencent.mobileqq:MSF","2","2","2","1"
"1777046707","com.google.android.apps.scone","1","1","1","1"
"1777046708","com.google.android.apps.scone","1","1","1","1"
"1777046708","com.tencent.mobileqq","2","2","2","1"
"1777046708","com.tencent.mobileqq:MSF","3","3","3","1"
"1777046709","com.android.systemui","12","4","1","1"
"1777046709","com.tencent.mobileqq","34","7","10","1"
"1777046709","com.tencent.mobileqq:MSF","23","6","4","1"
"1777046710","com.android.systemui","9","5","1","1"
"1777046710","com.tencent.mm","1","1","1","1"
"1777046710","com.tencent.mm:push","1","1","1","1"
"1777046710","com.tencent.mobileqq","24","7","7","1"
"1777046710","com.tencent.mobileqq:MSF","16","5","3","1"
"1777046711","com.tencent.mobileqq","2","2","1","1"
"1777046712","com.google.android.apps.scone","3","1","2","1"
"1777046712","com.google.android.connectivitythermalpowermanager","1","1","1","1"
"1777046712","com.tencent.mobileqq","5","4","2","1"
"1777046712","com.tencent.mobileqq:tool","1","1","1","1"
"1777046713","com.android.systemui","2","2","1","1"
"1777046713","com.google.android.apps.nexuslauncher","2","1","1","1"
"1777046713","com.tencent.mobileqq","6","5","4","1"
"1777046713","com.tencent.mobileqq:MSF","5","4","4","1"
"1777046713","com.tencent.mobileqq:tool","1","1","1","1"
"1777046714","com.tencent.mobileqq","1","1","1","1"
"1777046715","com.google.android.apps.scone","1","1","1","1"
"1777046715","com.tencent.mm:push","1","1","1","1"
"1777046715","com.tencent.mobileqq","1","1","1","1"
"1777046716","com.tencent.mm:push","2","2","2","1"
"1777046716","com.tencent.mobileqq","4","3","1","1"
"1777046716","com.tencent.mobileqq:MSF","1","1","1","1"
"1777046717","com.google.android.apps.scone","1","1","1","1"
"1777046717","com.tencent.mobileqq","1","1","1","1"
"1777046718","com.google.android.apps.scone","1","1","1","1"
"1777046719","com.android.systemui","21","6","1","1"
"1777046719","com.tencent.mobileqq","24","6","5","1"
"1777046719","com.tencent.mobileqq:MSF","3","2","3","1"
"1777046720","com.tencent.mobileqq","3","3","2","1"
"1777046721","com.google.android.apps.scone","1","1","1","1"
"1777046722","com.android.systemui","1","1","1","1"
"1777046722","com.google.android.apps.nexuslauncher","1","1","1","1"
"1777046722","com.google.android.apps.scone","2","1","1","1"
"1777046722","com.google.android.connectivitythermalpowermanager","1","1","1","1"
"1777046722","com.tencent.mobileqq","8","6","5","1"
"1777046722","com.tencent.mobileqq:MSF","5","4","4","1"
"1777046722","com.tencent.mobileqq:tool","1","1","1","1"
"1777046723","com.tencent.mobileqq","2","2","1","1"
"1777046724","com.google.android.apps.scone","1","1","1","1"
"1777046724","com.tencent.mobileqq","1","1","1","1"
"1777046725","com.tencent.mobileqq","4","3","2","1"
"1777046725","com.tencent.mobileqq:MSF","1","1","1","1"
"1777046726","com.tencent.mobileqq","1","1","1","1"
"1777046727","com.google.android.apps.scone","2","2","2","1"
"1777046728","com.android.systemui","19","6","1","1"
"1777046728","com.tencent.mobileqq","22","6","4","1"
"1777046728","com.tencent.mobileqq:MSF","3","3","3","1"
"1777046729","com.android.systemui","2","1","1","1"
"1777046729","com.tencent.mobileqq","3","2","2","1"
"1777046730","com.google.android.apps.scone","1","1","1","1"
"1777046730","com.tencent.mobileqq","2","1","2","1"
"1777046731","com.android.systemui","1","1","1","1"
"1777046731","com.google.android.apps.nexuslauncher","1","1","1","1"
"1777046731","com.tencent.mobileqq","6","3","5","1"
"1777046731","com.tencent.mobileqq:MSF","4","2","2","1"
"1777046731","com.tencent.mobileqq:tool","1","1","1","1"
"1777046732","com.google.android.apps.scone","1","1","1","1"
"1777046732","com.google.android.connectivitythermalpowermanager","1","1","1","1"
"1777046732","com.tencent.mobileqq","3","3","2","1"
"1777046732","com.tencent.mobileqq:MSF","2","2","2","1"
"1777046733","com.tencent.mobileqq","1","1","1","1"
"1777046734","com.google.android.apps.scone","1","1","1","1"
"1777046734","com.tencent.mobileqq","2","1","1","1"
"1777046735","com.android.systemui","1","1","1","1"
"1777046735","com.tencent.mobileqq","3","3","2","1"
"1777046735","com.tencent.mobileqq:MSF","1","1","1","1"
"1777046737","com.google.android.apps.scone","1","1","1","1"
"1777046737","com.tencent.mobileqq","1","1","1","1"
"1777046738","com.android.systemui","21","6","1","1"
"1777046738","com.tencent.mobileqq","24","5","3","1"
"1777046738","com.tencent.mobileqq:MSF","3","3","3","1"
"1777046739","com.tencent.mobileqq","2","2","2","1"
"1777046739","com.tencent.mobileqq:tool","1","1","1","1"
"1777046740","com.google.android.apps.scone","1","1","1","1"
"1777046740","com.tencent.mobileqq","1","1","1","1"
"1777046741","com.android.systemui","1","1","1","1"
"1777046741","com.google.android.apps.nexuslauncher","1","1","1","1"
"1777046741","com.tencent.mobileqq","8","6","4","1"
"1777046741","com.tencent.mobileqq:MSF","6","4","4","1"
"1777046741","com.tencent.mobileqq:tool","2","2","2","1"
"1777046742","com.google.android.apps.scone","1","1","1","1"
"1777046742","com.google.android.connectivitythermalpowermanager","1","1","1","1"
"1777046742","com.tencent.mobileqq","3","2","2","1"
"1777046743","com.google.android.apps.scone","1","1","1","1"
"1777046743","com.google.android.gms.persistent","7","4","4","1"
"1777046743","com.google.android.gms.ui","1","1","1","1"
"1777046743","com.google.android.gms:snet","1","1","1","1"
"1777046743","com.tencent.mobileqq","1","1","1","1"
"1777046743","com.tencent.mobileqq:MSF","5","3","3","1"
"1777046744","com.google.android.gms.persistent","1","1","1","1"
"1777046744","com.tencent.mobileqq","3","3","2","1"
"1777046744","com.tencent.mobileqq:MSF","2","2","2","1"
"1777046745","com.tencent.mobileqq","2","1","2","1"
"1777046746","com.google.android.apps.scone","1","1","1","1"
"1777046747","com.android.systemui","20","5","1","1"
"1777046747","com.google.android.apps.scone","1","1","1","1"
"1777046747","com.tencent.mobileqq","25","6","5","1"
"1777046747","com.tencent.mobileqq:MSF","4","2","3","1"
"1777046748","com.tencent.mobileqq","2","2","2","1"
"1777046749","com.google.android.apps.scone","1","1","1","1"
"1777046749","com.tencent.mobileqq","1","1","1","1"
"1777046750","com.android.systemui","1","1","1","1"
"1777046750","com.google.android.apps.nexuslauncher","1","1","1","1"
"1777046750","com.google.android.gms.persistent","1","1","1","1"
"1777046750","com.tencent.mobileqq","5","4","4","1"
"1777046750","com.tencent.mobileqq:MSF","4","3","3","1"
"1777046750","com.tencent.mobileqq:tool","1","1","1","1"
"1777046751","com.tencent.mobileqq","2","2","1","1"
"1777046752","com.google.android.apps.scone","2","2","2","1"
"1777046752","com.google.android.connectivitythermalpowermanager","1","1","1","1"
"1777046752","com.tencent.mobileqq","1","1","1","1"
"1777046753","com.tencent.mobileqq","2","2","1","1"
"1777046753","com.tencent.mobileqq:MSF","1","1","1","1"
"1777046754","com.tencent.mobileqq","2","2","1","1"
"1777046755","com.google.android.apps.scone","1","1","1","1"
"1777046755","com.google.android.gms.persistent","1","1","1","1"
"1777046755","com.tencent.mobileqq","2","2","2","1"
"1777046756","com.android.systemui","4","3","1","1"
"1777046756","com.tencent.mobileqq","5","4","2","1"
"1777046756","com.tencent.mobileqq:MSF","1","1","1","1"
"1777046757","com.android.systemui","17","6","1","1"
"1777046757","com.google.android.apps.scone","1","1","1","1"
"1777046757","com.tencent.mobileqq","19","4","3","1"
"1777046757","com.tencent.mobileqq:MSF","2","1","2","1"
"1777046758","com.google.android.gms.persistent","1","1","1","1"
"1777046758","com.tencent.mobileqq","2","1","2","1"
"1777046759","com.google.android.apps.scone","1","1","1","1"
"1777046759","com.tencent.mobileqq","1","1","1","1"
"1777046760","com.android.systemui","2","1","1","1"
"1777046760","com.tencent.mobileqq","1","1","1","1"
"1777046762","com.google.android.apps.scone","1","1","1","1"
"1777046762","com.google.android.connectivitythermalpowermanager","1","1","1","1"
"1777046763","com.google.android.gms.ui","1","1","1","1"
"1777046765","com.google.android.apps.scone","1","1","1","1"
"1777046765","com.tencent.mobileqq","1","1","1","1"
"1777046767","com.google.android.apps.scone","1","1","1","1"
"1777046768","com.google.android.apps.scone","1","1","1","1"
"1777046769","com.tencent.mobileqq","1","1","1","1"
"1777046770","com.tencent.mobileqq","7","4","6","1"
"1777046770","com.tencent.mobileqq:MSF","6","4","5","1"
"1777046771","com.google.android.apps.scone","1","1","1","1"
"1777046771","com.tencent.mobileqq","1","1","1","1"
"1777046772","com.google.android.apps.scone","1","1","1","1"
"1777046772","com.google.android.connectivitythermalpowermanager","1","1","1","1"
"1777046772","com.tencent.mobileqq","1","1","1","1"
"1777046774","com.google.android.apps.scone","1","1","1","1"
"1777046775","com.tencent.mobileqq","1","1","1","1"
"1777046777","com.google.android.apps.scone","1","1","1","1"
"1777046778","com.google.android.apps.scone","1","1","1","1"
"1777046778","com.google.android.gms.unstable","1","1","1","1"
"1777046780","com.android.hbmsvmanager","1","1","1","1"
"1777046780","com.tencent.mobileqq","1","1","1","1"
"1777046781","com.google.android.apps.scone","1","1","1","1"
"1777046782","com.google.android.apps.scone","1","1","1","1"
"1777046782","com.google.android.connectivitythermalpowermanager","1","1","1","1"
"1777046784","com.google.android.apps.scone","1","1","1","1"
"1777046785","com.tencent.mobileqq","2","2","2","1"
"1777046786","com.android.systemui","5","4","3","1"
"1777046786","com.google.android.apps.nexuslauncher","2","1","1","1"
"1777046786","com.google.android.inputmethod.latin","2","1","1","1"
"1777046786","com.tencent.mobileqq","1","1","1","1"
"1777046787","com.android.hbmsvmanager","5","4","2","1"
"1777046787","com.android.systemui","67","8","9","1"
"1777046787","com.google.android.apps.nexuslauncher","42","4","3","1"
"1777046787","com.google.android.apps.scone","5","3","4","1"
"1777046787","com.google.android.apps.wellbeing","1","1","1","1"
"1777046787","com.google.android.as","5","2","3","1"
"1777046787","com.google.android.connectivitythermalpowermanager","1","1","1","1"
"1777046787","com.google.android.gms.persistent","20","4","6","1"
"1777046787","com.google.android.gms.unstable","1","1","1","1"
"1777046787","com.google.android.grilservice","3","3","2","1"
"1777046787","com.google.android.inputmethod.latin","4","4","2","1"
"1777046787","com.google.android.pixelsystemservice","4","2","3","1"
"1777046787","com.shannon.imsservice","2","1","2","1"
"1777046787","com.tencent.mobileqq","27","4","11","1"
"1777046787","com.tencent.mobileqq:MSF","12","3","6","1"
"1777046787","com.tencent.mobileqq:tool","6","3","3","1"
"1777046787","com.termux","1","1","1","1"
"1777046788","com.android.hbmsvmanager","10","5","2","1"
"1777046788","com.android.systemui","103","8","17","1"
"1777046788","com.google.android.apps.messaging:rcs","2","1","1","1"
"1777046788","com.google.android.apps.nexuslauncher","32","6","4","1"
"1777046788","com.google.android.apps.scone","7","4","3","1"
"1777046788","com.google.android.apps.wellbeing","1","1","1","1"
"1777046788","com.google.android.as","17","5","3","1"
"1777046788","com.google.android.connectivitythermalpowermanager","1","1","1","1"
"1777046788","com.google.android.gms.persistent","18","5","7","1"
"1777046788","com.google.android.gms.unstable","2","2","2","1"
"1777046788","com.google.android.grilservice","5","3","2","1"
"1777046788","com.google.android.inputmethod.latin","7","4","3","1"
"1777046788","com.google.android.pixelsystemservice","7","4","3","1"
"1777046788","com.shannon.imsservice","6","4","3","1"
"1777046788","com.tencent.mobileqq","88","8","13","1"
"1777046788","com.tencent.mobileqq:MSF","32","6","9","1"
"1777046788","com.tencent.mobileqq:tool","11","4","5","1"
"1777046788","com.termux","2","2","2","1"
"1777046789","com.android.systemui","17","4","2","1"
"1777046789","com.google.android.apps.nexuslauncher","9","4","1","1"
"1777046789","com.google.android.gms.persistent","1","1","1","1"
"1777046789","com.shannon.imsservice","1","1","1","1"
"1777046789","com.tencent.mobileqq","15","6","7","1"
"1777046789","com.tencent.mobileqq:MSF","6","4","3","1"
"1777046789","com.tencent.mobileqq:tool","5","1","1","1"
"1777046790","com.android.systemui","1","1","1","1"
"1777046790","com.tencent.mobileqq","1","1","1","1"
"1777046790","com.tencent.mobileqq:tool","1","1","1","1"
"1777046791","com.android.systemui","1","1","1","1"
"1777046791","com.google.android.apps.scone","1","1","1","1"
"1777046791","com.tencent.mobileqq","2","2","2","1"
"1777046791","com.tencent.mobileqq:MSF","2","1","2","1"
"1777046792","com.google.android.connectivitythermalpowermanager","1","1","1","1"
"1777046792","com.tencent.mobileqq","1","1","1","1"
"1777046793","com.google.android.apps.scone","1","1","1","1"
"1777046793","com.tencent.mobileqq","1","1","1","1"
"1777046795","com.google.android.apps.scone","1","1","1","1"
"1777046795","com.tencent.mobileqq","1","1","1","1"
"1777046796","com.google.android.apps.nexuslauncher","12","5","1","1"
"1777046796","com.tencent.mobileqq","16","3","2","1"
"1777046796","com.tencent.mobileqq:MSF","2","2","2","1"
"1777046797","com.android.systemui","120","6","10","1"
"1777046797","com.google.android.apps.nexuslauncher","128","8","6","1"
"1777046797","com.google.android.as","2","1","1","1"
"1777046797","com.google.android.pixelsystemservice","1","1","1","1"
"1777046797","com.tencent.mobileqq","15","4","3","1"
"1777046797","com.tencent.mobileqq:tool","1","1","1","1"
"1777046798","com.android.systemui","94","6","11","1"
"1777046798","com.google.android.apps.nexuslauncher","120","8","7","1"
"1777046798","com.google.android.apps.scone","2","2","2","1"
"1777046798","com.google.android.as","3","2","1","1"
"1777046798","com.google.android.gms.persistent","9","4","3","1"
"1777046798","com.google.android.inputmethod.latin","4","1","1","1"
"1777046798","com.google.android.pixelsystemservice","4","4","2","1"
"1777046798","com.ss.android.ugc.aweme","85","8","27","1"
"1777046798","com.tencent.mobileqq","28","4","9","1"
"1777046798","com.tencent.mobileqq:MSF","7","3","3","1"
"1777046799","com.android.systemui","3","3","3","1"
"1777046799","com.google.android.apps.nexuslauncher","4","4","1","1"
"1777046799","com.google.android.gms.persistent","1","1","1","1"
"1777046799","com.google.android.pixelsystemservice","1","1","1","1"
"1777046799","com.ss.android.ugc.aweme","11","4","4","1"
"1777046799","com.tencent.mobileqq","3","2","3","1"
"1777046799","com.tencent.mobileqq:MSF","3","3","3","1"
"1777046800","com.google.android.apps.nexuslauncher","4","3","1","1"
"1777046800","com.ss.android.ugc.aweme","10","4","6","1"
"1777046800","com.tencent.mobileqq","3","2","3","1"
"1777046800","com.tencent.mobileqq:MSF","1","1","1","1"
"1777046801","com.android.systemui","1","1","1","1"
"1777046801","com.google.android.apps.nexuslauncher","4","4","1","1"
"1777046801","com.google.android.apps.scone","1","1","1","1"
"1777046801","com.ss.android.ugc.aweme","7","3","1","1"
"1777046802","com.android.systemui","43","6","7","1"
"1777046802","com.google.android.apps.nexuslauncher","55","8","6","1"
"1777046802","com.google.android.as","4","3","1","1"
"1777046802","com.google.android.connectivitythermalpowermanager","2","1","1","1"
"1777046802","com.google.android.pixelsystemservice","1","1","1","1"
"1777046802","com.ss.android.ugc.aweme","16","6","5","1"
"1777046803","com.android.systemui","124","6","9","1"
"1777046803","com.google.android.apps.nexuslauncher","170","8","8","1"
"1777046803","com.google.android.apps.scone","1","1","1","1"
"1777046803","com.google.android.as","2","2","1","1"
"1777046803","com.google.android.gms","6","4","2","1"
"1777046803","com.google.android.gms.persistent","3","3","3","1"
"1777046803","com.google.android.inputmethod.latin","9","5","1","1"
"1777046803","com.google.android.pixelsystemservice","5","4","2","1"
"1777046803","com.ss.android.ugc.aweme","56","6","13","1"
"1777046803","com.tencent.mm","92","7","15","1"
"1777046803","com.tencent.mm:push","80","6","12","1"
"1777046804","com.android.systemui","35","6","5","1"
"1777046804","com.google.android.apps.nexuslauncher","52","7","6","1"
"1777046804","com.google.android.apps.scone","1","1","1","1"
"1777046804","com.google.android.as","2","2","1","1"
"1777046804","com.google.android.pixelsystemservice","2","2","1","1"
"1777046804","com.ss.android.ugc.aweme","18","4","8","1"
"1777046804","com.tencent.mm","12","3","3","1"
"1777046804","com.tencent.mm:push","3","2","1","1"
"1777046804","com.tencent.mobileqq","1","1","1","1"
"1777046805","com.android.systemui","145","6","4","1"
"1777046805","com.google.android.apps.nexuslauncher","158","6","4","1"
"1777046805","com.google.android.gms","1","1","1","1"
"1777046805","com.google.android.inputmethod.latin","1","1","1","1"
"1777046805","com.google.android.pixelsystemservice","2","2","2","1"
"1777046805","com.ss.android.ugc.aweme","6","2","3","1"
"1777046805","com.tencent.mm","9","4","3","1"
"1777046805","com.tencent.mm:push","1","1","1","1"
"1777046805","com.tencent.mobileqq","1","1","1","1"
"1777046806","com.android.systemui","26","6","7","1"
"1777046806","com.google.android.apps.nexuslauncher","67","8","8","1"
"1777046806","com.google.android.as","11","1","1","1"
"1777046806","com.google.android.gms.persistent","30","3","3","1"
"1777046806","com.google.android.inputmethod.latin","54","7","8","1"
"1777046806","com.google.android.pixelsystemservice","4","3","2","1"
"1777046806","com.ss.android.ugc.aweme","7","3","3","1"
"1777046806","com.tencent.mm","27","4","6","1"
"1777046806","com.tencent.mm:push","14","4","5","1"
"1777046806","com.termux","34","5","4","1"
"1777046807","com.android.systemui","93","6","9","1"
"1777046807","com.google.android.apps.nexuslauncher","104","8","7","1"
"1777046807","com.google.android.apps.scone","1","1","1","1"
"1777046807","com.google.android.as","2","2","1","1"
"1777046807","com.google.android.inputmethod.latin","2","2","1","1"
"1777046807","com.google.android.pixelsystemservice","1","1","1","1"
"1777046807","com.ss.android.ugc.aweme","2","1","2","1"
"1777046807","com.tencent.mm","4","3","2","1"
"1777046807","com.termux","13","3","2","1"
"1777046808","com.android.systemui","88","6","7","1"
"1777046808","com.google.android.apps.nexuslauncher","112","8","5","1"
"1777046808","com.google.android.apps.scone","1","1","1","1"
"1777046808","com.google.android.gms.persistent","29","2","3","1"
"1777046808","com.google.android.inputmethod.latin","35","7","5","1"
"1777046808","com.google.android.pixelsystemservice","1","1","1","1"
"1777046808","com.ss.android.ugc.aweme","5","4","2","1"
"1777046808","com.tencent.mm","2","1","2","1"
"1777046808","com.termux","40","4","3","1"
"1777046809","com.android.systemui","2","1","1","1"
"1777046809","com.google.android.apps.scone","1","1","1","1"
"1777046809","com.google.android.gms.persistent","2","1","1","1"
"1777046809","com.google.android.grilservice","1","1","1","1"
"1777046809","com.google.android.inputmethod.latin","3","3","2","1"
"1777046809","com.ss.android.ugc.aweme","4","2","2","1"
"1777046809","com.tencent.mm","1","1","1","1"
"1777046809","com.tencent.mobileqq","1","1","1","1"
"1777046809","com.tencent.mobileqq:MSF","1","1","1","1"
"1777046809","com.termux","1","1","1","1"
